Rk,Player,Tm,2025-26,2026-27,2027-28,2028-29,2029-30,2030-31,Guaranteed
1,Stephen Curry,GSW,"$59,606,817","$62,587,158",,,,,"$122,193,975"
2,Joel Embiid,PHI,"$55,224,526","$58,100,000","$62,748,000","$67,396,000",,,"$176,072,526"
3,Nikola JokiÄ,DEN,"$55,224,526","$59,033,114","$62,841,702",,,,"$114,257,640"
4,Kevin Durant,HOU,"$54,708,609","$43,902,439","$46,097,561",,,,"$98,611,048"
5,Jayson Tatum,BOS,"$54,126,450","$58,456,566","$62,786,682","$67,116,798","$71,446,914",,"$242,486,496"
6,Anthony Davis,WAS,"$54,126,450","$58,456,566","$62,786,682",,,,"$112,583,016"
7,Giannis Antetokounmpo,MIL,"$54,126,450","$58,456,566","$62,786,682",,,,"$112,583,016"
8,Jimmy Butler,GSW,"$54,126,450","$56,832,773",,,,,"$110,959,223"
9,Jaylen Brown,BOS,"$53,142,264","$57,078,728","$61,015,192","$64,951,656",,,"$236,187,840"
10,Devin Booker,PHO,"$53,142,264","$57,078,728","$61,015,192","$64,065,952","$69,191,228",,"$235,302,136"
11,Karl-Anthony Towns,NYK,"$53,142,264","$57,078,728","$61,015,192",,,,"$110,220,992"
12,LeBron James,LAL,"$52,627,153",,,,,,"$52,627,153"
13,Paul George,PHI,"$51,666,090","$54,126,380","$56,586,670",,,,"$105,792,470"
14,Kawhi Leonard,LAC,"$50,000,000","$50,300,000",,,,,"$100,300,000"
15,Zach LaVine,SAC,"$47,499,660","$48,967,380",,,,,"$47,499,660"
16,Cade Cunningham,DET,"$46,394,100","$50,105,628","$53,817,156","$57,528,684","$61,240,212",,"$269,085,780"
17,Evan Mobley,CLE,"$46,394,100","$50,105,628","$53,817,156","$57,528,684","$61,240,212",,"$269,085,780"
18,Jamal Murray,DEN,"$46,394,100","$50,105,628","$53,817,156","$57,528,684",,,"$207,845,568"
19,Lauri Markkanen,UTA,"$46,394,100","$46,113,154","$49,824,681","$53,536,209",,,"$195,868,144"
20,Donovan Mitchell,CLE,"$46,394,100","$50,105,628","$53,817,156",,,,"$96,499,728"
,,,Salary,Salary,Salary,Salary,Salary,Salary,
21,Trae Young,WAS,"$46,394,100","$48,967,380",,,,,"$46,394,100"
22,Luka DonÄiÄ,LAL,"$45,999,660","$49,800,000","$53,784,000","$57,768,000",,,"$149,583,660"
23,Anthony Edwards,MIN,"$45,550,512","$48,924,624","$52,298,736","$55,672,848",,,"$202,446,720"
24,Tyrese Haliburton,IND,"$45,550,512","$48,924,624","$52,298,736","$55,672,848",,,"$202,446,720"
25,Pascal Siakam,IND,"$45,550,512","$48,924,624","$52,298,736",,,,"$146,773,872"
26,Domantas Sabonis,SAC,"$42,336,000","$45,472,000","$48,608,000",,,,"$136,416,000"
27,OG Anunoby,NYK,"$39,568,966","$42,500,000","$45,431,034","$48,362,068",,,"$127,500,000"
28,Zion Williamson,NOP,"$39,446,090","$42,166,510","$44,886,930",,,,"$126,499,530"
29,Ja Morant,MEM,"$39,446,090","$42,166,510","$44,886,930",,,,"$126,499,530"
30,Darius Garland,LAC,"$39,446,090","$42,166,510","$44,886,930",,,,"$126,499,530"
31,James Harden,CLE,"$39,182,693","$42,317,307",,,,,
32,Scottie Barnes,TOR,"$38,661,750","$41,754,690","$44,847,630","$47,940,570","$51,033,510",,"$224,238,150"
33,Franz Wagner,ORL,"$38,661,750","$41,754,690","$44,847,630","$47,940,570","$51,033,510",,"$224,238,150"
34,Shai Gilgeous-Alexander,OKC,"$38,333,050","$40,806,150","$61,005,000","$65,885,400","$70,765,800","$75,646,200","$276,795,400"
35,Michael Porter Jr.,BRK,"$38,333,050","$40,806,150",,,,,"$50,333,050"
36,Brandon Ingram,TOR,"$38,095,238","$40,000,000","$41,904,762",,,,"$78,095,238"
37,Tyrese Maxey,PHI,"$37,958,760","$40,770,520","$43,582,280","$46,394,040",,,"$168,705,600"
38,LaMelo Ball,CHO,"$37,958,760","$40,770,520","$43,582,280","$46,394,040",,,"$168,705,600"
39,De'Aaron Fox,SAS,"$37,096,620","$49,800,000","$53,784,000","$57,768,000","$61,752,000",,"$260,200,620"
40,Bam Adebayo,MIA,"$37,096,620","$49,800,000","$53,784,000","$57,768,000",,,"$140,680,620"
,,,Salary,Salary,Salary,Salary,Salary,Salary,
41,Desmond Bane,ORL,"$36,725,670","$39,446,090","$42,166,510","$44,886,930",,,"$163,225,200"
42,Kyrie Irving,DAL,"$36,566,002","$39,491,282","$42,416,562",,,,"$76,057,284"
43,Jaren Jackson Jr.,UTA,"$35,000,000","$49,000,000","$50,500,000","$52,000,000","$53,500,000",,"$186,500,000"
44,Jalen Suggs,ORL,"$35,000,000","$32,400,000","$29,600,000","$26,800,000","$26,700,000",,"$123,800,000"
45,Rudy Gobert,MIN,"$35,000,000","$36,500,000","$38,000,000",,,,"$71,500,000"
46,Jalen Brunson,NYK,"$34,944,001","$37,739,521","$40,535,041","$43,330,561",,,"$113,218,563"
47,Alperen ÅengÃ¼n,HOU,"$33,944,954","$35,642,202","$37,339,450","$39,036,697","$39,036,697",,"$145,963,303"
48,Jalen Green,PHO,"$33,584,499","$36,251,166","$36,000,000",,,,"$69,835,665"
49,Khris Middleton,DAL,"$33,296,296",,,,,,"$33,296,296"
50,Immanuel Quickley,TOR,"$32,500,000","$32,500,000","$32,500,000","$32,500,000",,,"$130,000,000"
51,Jrue Holiday,POR,"$32,400,000","$34,800,000","$37,200,000",,,,"$67,200,000"
52,Jerami Grant,POR,"$32,000,001","$34,206,898","$36,413,790",,,,"$66,206,899"
53,Jordan Poole,NOP,"$31,848,215","$34,044,642",,,,,"$65,892,857"
54,Tyler Herro,MIA,"$31,000,000","$33,000,000",,,,,"$64,000,000"
55,Julius Randle,MIN,"$30,864,198","$33,333,334","$35,802,468",,,,"$64,197,532"
56,Dejounte Murray,NOP,"$30,801,103","$32,785,071","$30,751,504",,,,"$63,586,174"
57,Kristaps PorziÅÄ£is,GSW,"$30,731,707",,,,,,"$30,731,707"
58,CJ McCollum,ATL,"$30,666,666",,,,,,"$30,666,666"
59,Jalen Johnson,ATL,"$30,000,000","$30,000,000","$30,000,000","$30,000,000","$30,000,000",,"$150,000,000"
60,Isaiah Hartenstein,OKC,"$28,500,000","$28,500,000",,,,,"$28,500,000"
,,,Salary,Salary,Salary,Salary,Salary,Salary,
61,Andrew Wiggins,MIA,"$28,223,215","$30,169,644",,,,,"$28,223,215"
62,Derrick White,BOS,"$28,100,000","$30,348,000","$32,596,000","$34,844,000",,,"$91,044,000"
63,RJ Barrett,TOR,"$27,705,357","$29,616,071",,,,,"$57,321,428"
64,Anfernee Simons,CHI,"$27,678,571",,,,,,"$27,678,571"
65,Devin Vassell,SAS,"$27,000,000","$27,000,000","$24,652,174","$27,000,000",,,"$105,652,174"
66,Terry Rozier,MIA,"$26,643,031",,,,,,"$26,643,031"
67,Tobias Harris,DET,"$26,634,146",,,,,,"$26,634,146"
68,John Collins,LAC,"$26,580,000",,,,,,"$26,580,000"
69,Draymond Green,GSW,"$25,892,857","$27,678,571",,,,,"$53,571,428"
70,Deandre Ayton,POR,"$33,654,814","$8,104,000",,,,,"$25,550,814"
71,Nic Claxton,BRK,"$25,352,272","$23,147,727","$20,943,184",,,,"$69,443,183"
72,Myles Turner,MIL,"$25,318,251","$26,584,164","$27,850,077","$29,115,990",,,"$79,752,492"
73,Trey Murphy III,NOP,"$25,000,000","$27,000,000","$29,000,000","$31,000,000",,,"$112,000,000"
74,Josh Giddey,CHI,"$25,000,000","$25,000,000","$25,000,000","$25,000,000",,,"$100,000,000"
75,Miles Bridges,CHO,"$25,000,000","$22,826,087",,,,,"$47,826,087"
76,Fred VanVleet,HOU,"$25,000,000","$25,000,000",,,,,"$25,000,000"
77,Mikal Bridges,NYK,"$24,900,000","$33,482,145","$36,160,714","$38,839,285","$41,517,856",,"$133,382,144"
78,DeMar DeRozan,SAC,"$24,570,000","$25,740,000",,,,,"$24,570,000"
79,Jaden McDaniels,MIN,"$24,393,104","$26,200,001","$28,006,898","$29,813,790",,,"$108,413,793"
80,Jonathan Kuminga,ATL,"$23,799,569","$24,300,000",,,,,"$23,799,569"
,,,Salary,Salary,Salary,Salary,Salary,Salary,
81,De'Andre Hunter,SAC,"$23,303,571","$24,910,714",,,,,"$48,214,285"
82,Aaron Gordon,DEN,"$22,841,455","$33,658,037","$36,350,680","$39,043,323",,,"$92,850,172"
83,Damian Lillard,MIL,"$36,620,603","$35,915,403","$36,620,603","$22,516,603","$22,516,603",,"$112,583,015"
84,Kyle Kuzma,MIL,"$22,410,605","$20,345,152",,,,,"$42,755,757"
85,Kentavious Caldwell-Pope,MEM,"$21,621,500","$21,621,500",,,,,"$21,621,500"
86,Naz Reid,MIN,"$21,551,724","$23,275,862","$25,000,000","$26,724,138","$28,448,276",,"$96,551,724"
87,Nikola VuÄeviÄ,BOS,"$21,481,481",,,,,,"$21,481,481"
88,Dillon Brooks,PHO,"$21,124,110","$19,992,727",,,,,"$41,116,837"
89,Cameron Johnson,DEN,"$21,057,065","$23,062,500",,,,,"$44,119,565"
90,Norman Powell,MIA,"$20,482,758",,,,,,"$20,482,758"
91,Jarrett Allen,CLE,"$20,000,000","$28,000,000","$30,240,000","$32,480,000",,,"$110,720,000"
92,Jakob Poeltl,TOR,"$19,500,000","$19,500,000","$27,300,000","$29,484,000","$27,300,000",,"$95,784,000"
93,Josh Hart,NYK,"$19,472,240","$20,923,760","$22,375,280",,,,"$40,396,000"
94,Bradley Beal,PHO,"$24,737,010","$25,004,710","$19,383,010","$19,383,010","$19,383,010",,"$96,915,050"
95,Jusuf NurkiÄ,UTA,"$19,375,000",,,,,,"$19,375,000"
96,Harrison Barnes,SAS,"$19,000,000",,,,,,"$19,000,000"
97,Collin Sexton,CHI,"$18,975,000",,,,,,"$18,975,000"
98,Ivica Zubac,IND,"$18,893,980","$20,342,140","$21,790,300",,,,"$61,026,420"
99,Malik Monk,SAC,"$18,797,619","$20,190,035","$21,582,451",,,,"$38,987,654"
100,Santi Aldama,MEM,"$18,485,916","$17,007,043","$17,007,043",,,,"$35,492,959"
,,,Salary,Salary,Salary,Salary,Salary,Salary,
101,Rui Hachimura,LAL,"$18,259,259",,,,,,"$18,259,259"
102,Luguentz Dort,OKC,"$18,222,222","$18,222,222",,,,,"$18,222,222"
103,Alex Caruso,OKC,"$18,102,000","$19,550,160","$20,998,320","$22,446,480",,,"$81,096,960"
104,Andrew Nembhard,IND,"$18,102,000","$19,550,160","$20,998,320",,,,"$58,650,480"
105,Zach Collins,CHI,"$18,080,496",,,,,,"$18,080,496"
106,Patrick Williams,CHI,"$18,000,000","$18,000,000","$18,000,000","$18,000,000",,,"$54,000,000"
107,Kevin Huerter,DET,"$17,991,071",,,,,,"$17,991,071"
108,Keldon Johnson,SAS,"$17,500,000","$17,500,000",,,,,"$35,000,000"
109,Grayson Allen,PHO,"$16,875,000","$18,125,000","$19,375,000",,,,"$35,000,000"
110,Duncan Robinson,DET,"$16,834,692","$15,992,957","$15,151,222",,,,"$16,834,692"
111,Klay Thompson,DAL,"$16,666,667","$17,460,317",,,,,"$34,126,984"
112,Bogdan BogdanoviÄ,LAC,"$16,020,000","$16,020,000",,,,,"$16,020,000"
113,Max Strus,CLE,"$15,936,452","$16,660,836",,,,,"$32,597,288"
114,Terance Mann,BRK,"$15,500,000","$15,500,000","$16,000,000",,,,"$47,000,000"
115,Paolo Banchero,ORL,"$15,334,769","$41,500,000","$44,820,000","$48,140,000","$51,460,000","$54,780,000","$201,254,769"
116,Nickeil Alexander-Walker,ATL,"$15,161,800","$14,403,710","$15,161,800","$15,919,890",,,"$44,727,310"
117,Onyeka Okongwu,ATL,"$15,000,000","$16,120,000","$16,880,000",,,,"$48,000,000"
118,Jonathan Isaac,ORL,"$15,000,000","$14,500,000","$14,500,000","$15,000,000",,,"$44,000,000"
119,Isaiah Stewart,DET,"$15,000,000","$15,000,000","$15,000,000",,,,"$30,000,000"
120,Marcus Smart,WAS,"$19,920,855","$5,390,700",,,,,"$14,786,855"
,,,Salary,Salary,Salary,Salary,Salary,Salary,
121,Daniel Gafford,DAL,"$14,386,320","$17,263,584","$18,126,763","$18,989,942",,,"$68,766,609"
122,Deni Avdija,POR,"$14,375,000","$13,125,000","$11,875,000",,,,"$39,375,000"
123,P.J. Washington,DAL,"$14,152,174","$19,813,044","$21,398,088","$22,983,132","$24,568,176",,"$102,914,614"
124,Steven Adams,HOU,"$14,130,434","$13,000,000","$11,869,566",,,,"$39,000,000"
125,Caris LeVert,DET,"$14,104,000","$14,809,200",,,,,"$28,913,200"
126,Dennis SchrÃ¶der,CLE,"$14,104,000","$14,809,200","$15,514,400",,,,"$28,913,200"
127,Damian Lillard,POR,"$36,620,603","$35,915,403","$36,620,603","$22,516,603","$22,516,603",,"$27,502,800"
128,Obi Toppin,IND,"$14,000,000","$15,000,000","$16,025,000",,,,"$45,025,000"
129,Corey Kispert,ATL,"$13,975,000","$13,975,000","$13,050,000","$13,050,000",,,"$41,000,000"
130,Herbert Jones,NOP,"$13,937,574","$14,898,786","$20,858,300","$22,526,964","$24,195,628",,"$72,221,624"
131,Austin Reaves,LAL,"$13,937,574","$14,898,786",,,,,"$13,937,574"
132,Cooper Flagg,DAL,"$13,825,920","$14,517,480","$15,208,680","$19,178,146",,,"$28,343,400"
133,Chet Holmgren,OKC,"$13,731,368","$41,500,000","$44,820,000","$48,140,000","$51,460,000","$54,780,000","$254,431,368"
134,Josh Green,CHO,"$13,666,667","$14,679,012",,,,,"$28,345,679"
135,Grant Williams,CHO,"$13,645,500","$14,265,750",,,,,"$27,911,250"
136,Bobby Portis,MIL,"$13,445,754","$14,521,414","$15,597,074",,,,"$27,967,168"
137,Kelly Olynyk,SAS,"$13,445,122",,,,,,"$13,445,122"
138,Victor Wembanyama,SAS,"$13,376,880","$16,868,246",,,,,"$30,245,126"
139,Robert Williams,POR,"$13,285,713",,,,,,"$13,285,713"
140,Zaccharie Risacher,ATL,"$13,197,720","$13,826,040","$17,434,637",,,,"$27,023,760"
,,,Salary,Salary,Salary,Salary,Salary,Salary,
141,Mitchell Robinson,NYK,"$12,954,546",,,,,,"$12,954,546"
142,Coby White,CHO,"$12,888,889",,,,,,"$12,888,889"
143,Dorian Finney-Smith,HOU,"$12,700,000","$13,335,000","$13,335,000","$13,335,000",,,"$39,370,000"
144,Brandon Clarke,MEM,"$12,500,000","$12,500,000",,,,,"$25,000,000"
145,Dylan Harper,SAS,"$12,370,320","$12,989,040","$13,607,760","$17,172,994",,,"$25,359,360"
146,Isaiah Joe,OKC,"$12,362,338","$11,323,006","$11,323,006",,,,"$23,685,344"
147,Jabari Smith Jr.,HOU,"$12,350,392","$23,643,411","$21,751,940","$23,643,411","$25,534,883","$27,426,355","$134,350,392"
148,Donte DiVincenzo,MIN,"$11,990,000","$12,535,000",,,,,"$24,525,000"
149,Brandon Miller,CHO,"$11,968,800","$15,104,626",,,,,"$27,073,426"
150,Alex Sarr,WAS,"$11,808,240","$12,370,680","$15,611,798",,,,"$24,178,920"
151,Davion Mitchell,MIA,"$11,600,000","$12,400,000",,,,,"$24,000,000"
152,Moses Moody,GSW,"$11,574,075","$12,500,000","$13,425,925",,,,"$37,500,000"
153,Jarred Vanderbilt,LAL,"$11,571,429","$12,428,571","$13,285,714",,,,"$24,000,000"
154,Matisse Thybulle,POR,"$11,550,000",,,,,,"$11,550,000"
155,Gabe Vincent,ATL,"$11,500,000",,,,,,"$11,500,000"
156,Keegan Murray,SAC,"$11,144,093","$24,137,936","$26,068,965","$27,999,999","$29,931,033","$31,862,067","$151,144,093"
157,VJ Edgecombe,PHI,"$11,108,880","$11,663,880","$12,219,720","$15,445,727",,,"$22,772,760"
158,Aaron Nesmith,IND,"$11,000,000","$11,000,000","$19,418,000","$20,971,440",,,"$62,389,440"
159,Luke Kornet,SAS,"$11,000,000","$10,450,000","$9,900,000","$9,350,000",,,"$24,000,000"
160,Isaac Okoro,CHI,"$11,000,000","$11,814,814",,,,,"$22,814,814"
,,,Salary,Salary,Salary,Salary,Salary,Salary,
161,Luke Kennard,LAL,"$11,000,000",,,,,,"$11,000,000"
162,Maxi Kleber,LAL,"$11,000,000",,,,,,"$11,000,000"
163,Wendell Carter Jr.,ORL,"$10,850,000","$18,102,000","$19,550,160","$20,998,320",,,"$48,502,160"
164,Mike Conley,CHO,"$11,499,872",,,,,,"$10,774,038"
165,Scoot Henderson,POR,"$10,748,040","$13,585,523",,,,,"$24,333,563"
166,Jordan Clarkson,UTA,"$12,947,835",,,,,,"$10,651,561"
167,Reed Sheppard,HOU,"$10,603,560","$11,108,880","$14,041,625",,,,"$21,712,440"
168,Jonas ValanÄiÅ«nas,DEN,"$10,395,000","$10,000,000",,,,,"$10,395,000"
169,T.J. McConnell,IND,"$10,200,000","$11,000,000","$11,800,000","$11,800,000",,,"$33,000,000"
170,Royce O'Neale,PHO,"$10,125,000","$10,875,000","$11,625,000",,,,"$32,625,000"
171,Jaden Ivey,CHI,"$10,107,163",,,,,,"$10,107,163"
172,Aaron Wiggins,OKC,"$10,102,803","$9,224,300","$8,345,797","$8,345,797",,,"$27,672,900"
173,Sam Hauser,BOS,"$10,044,644","$10,848,215","$11,651,785","$12,455,356",,,"$45,000,000"
174,Kon Knueppel,CHO,"$10,015,680","$10,516,560","$11,017,560","$13,937,214",,,"$20,532,240"
175,Derrick Jones Jr.,LAC,"$10,000,000","$10,476,190",,,,,"$20,476,190"
176,Lonzo Ball,UTA,"$10,000,000",,,,,,"$10,000,000"
177,Amen Thompson,HOU,"$9,690,600","$12,258,609",,,,,"$21,949,209"
178,Caleb Martin,DAL,"$9,594,044","$10,001,493","$9,371,351",,,,"$19,595,537"
179,Stephon Castle,SAS,"$9,560,520","$10,015,920","$12,670,139",,,,"$19,576,440"
180,Pat Connaughton,CHO,"$10,739,683","$3,815,861",,,,,"$10,739,683"
,,,Salary,Salary,Salary,Salary,Salary,Salary,
181,Buddy Hield,ATL,"$9,219,512","$9,658,536","$10,097,560",,,,"$18,878,048"
182,Kyle Anderson,MEM,"$9,219,512",,,,,,"$9,219,512"
183,Bennedict Mathurin,LAC,"$9,187,573",,,,,,"$9,187,573"
184,Ace Bailey,UTA,"$9,069,840","$9,523,080","$9,976,560","$12,640,302",,,"$18,592,920"
185,Naji Marshall,DAL,"$9,000,000","$9,428,571",,,,,"$18,428,571"
186,Jalen Smith,CHI,"$9,000,000","$9,428,571",,,,,"$18,428,571"
187,Ty Jerome,MEM,"$8,781,000","$9,220,050","$9,659,100",,,,"$18,001,050"
188,Ausar Thompson,DET,"$8,775,000","$11,117,925",,,,,"$19,892,925"
189,Brook Lopez,LAC,"$8,750,000","$9,187,500",,,,,"$8,750,000"
190,Quentin Grimes,PHI,"$8,741,209",,,,,,"$8,741,209"
191,Ron Holland,DET,"$8,657,280","$9,069,600","$11,491,183",,,,"$17,726,880"
192,Sam Merrill,CLE,"$8,482,144","$9,160,715","$9,839,285","$10,517,856",,,"$38,000,000"
193,Jaylin Williams,OKC,"$8,450,704","$7,774,648","$7,774,648",,,,"$16,225,352"
194,Shaedon Sharpe,POR,"$8,399,983","$20,089,287","$21,696,429","$23,303,571","$24,910,713",,"$98,399,983"
195,Kelly Oubre Jr.,PHI,"$8,382,150",,,,,,"$8,382,150"
196,Goga Bitadze,ORL,"$8,333,333","$7,608,696",,,,,"$15,942,029"
197,Simone Fontecchio,MIA,"$8,307,692",,,,,,"$8,307,692"
198,Tre Johnson,WAS,"$8,237,640","$8,649,600","$9,061,680","$11,490,211",,,"$16,887,240"
199,Georges Niang,MEM,"$8,200,000",,,,,,"$8,200,000"
200,Zeke Nnaji,DEN,"$8,177,778","$7,466,667","$7,466,667",,,,"$15,644,445"
,,,Salary,Salary,Salary,Salary,Salary,Salary,
201,Deandre Ayton,LAL,"$33,654,814","$8,104,000",,,,,"$8,104,000"
202,Tre Mann,CHO,"$8,000,000","$8,000,000","$8,000,000",,,,"$16,000,000"
203,Tre Jones,CHI,"$8,000,000","$8,000,000","$8,000,000",,,,"$16,000,000"
204,Kevon Looney,NOP,"$8,000,000","$8,000,000",,,,,"$8,000,000"
205,Anthony Black,ORL,"$7,970,280","$10,106,316",,,,,"$18,076,596"
206,Tidjane SalaÃ¼n,CHO,"$7,863,240","$8,237,880","$10,445,633",,,,"$16,101,120"
207,Max Christie,DAL,"$7,714,286","$8,285,714","$8,857,143",,,,"$16,000,000"
208,Dyson Daniels,ATL,"$7,707,709","$25,000,000","$25,000,000","$25,000,000","$25,000,000",,"$107,707,709"
209,Isaiah Jackson,LAC,"$7,600,000","$7,000,000","$6,400,000",,,,"$21,000,000"
210,Jeremiah Fears,NOP,"$7,520,040","$7,896,240","$8,271,960","$10,505,389",,,"$15,416,280"
211,Ayo Dosunmu,MIN,"$7,518,518",,,,,,"$7,518,518"
212,Bilal Coulibaly,WAS,"$7,275,600","$9,240,012",,,,,"$16,515,612"
213,Payton Pritchard,BOS,"$7,232,143","$7,767,857","$8,303,571",,,,"$23,303,571"
214,Donovan Clingan,POR,"$7,178,400","$7,519,920","$9,550,298",,,,"$14,698,320"
215,Kenrich Williams,OKC,"$7,163,000","$7,163,000",,,,,"$7,163,000"
216,Jeremy Sochan,SAS,"$7,874,853",,,,,,"$7,096,231"
217,Tyus Jones,DAL,"$7,000,000",,,,,,"$7,000,000"
218,Egor DÑmin,BRK,"$6,889,200","$7,233,720","$7,578,240","$9,639,522",,,"$14,122,920"
219,Jevon Carter,CHI,"$7,680,524",,,,,,"$6,809,524"
220,Clint Capela,HOU,"$6,700,000","$7,035,000","$7,370,000",,,,"$21,105,000"
,,,Salary,Salary,Salary,Salary,Salary,Salary,
221,Ousmane Dieng,MIL,"$6,670,882",,,,,,"$6,670,882"
222,Jarace Walker,IND,"$6,665,520","$8,478,542",,,,,"$15,144,062"
223,Dean Wade,CLE,"$6,623,456",,,,,,
224,Jalen Williams,OKC,"$6,580,997","$41,500,000","$44,820,000","$48,140,000","$51,460,000","$54,780,000","$247,280,997"
225,Rob Dillingham,CHI,"$6,576,120","$6,889,320","$8,763,216",,,,"$13,465,440"
226,Jalen Duren,DET,"$6,483,144",,,,,,"$6,483,144"
227,Ochai Agbaji,BRK,"$6,383,525",,,,,,"$6,383,525"
228,Collin Murray-Boyles,TOR,"$6,332,520","$6,649,560","$6,966,000","$8,874,684",,,"$12,982,080"
229,Mark Williams,PHO,"$6,276,531",,,,,,"$6,276,531"
230,Day'Ron Sharpe,BRK,"$6,250,000","$6,250,000",,,,,"$6,250,000"
231,Ziaire Williams,BRK,"$6,250,000","$6,250,000",,,,,"$6,250,000"
232,John Konchar,UTA,"$6,165,000","$6,165,000",,,,,"$12,330,000"
233,Taylor Hendricks,MEM,"$6,127,080","$7,805,900",,,,,"$13,932,980"
234,Saddiq Bey,NOP,"$6,118,644","$6,440,678",,,,,"$12,559,322"
235,Zach Edey,MEM,"$6,045,000","$6,332,760","$8,067,937",,,,"$12,377,760"
236,Khaman Maluach,PHO,"$6,016,080","$6,316,680","$6,617,160","$8,436,880",,,"$12,332,760"
237,Jaden Hardy,WAS,"$6,000,000","$6,000,000","$6,000,000",,,,"$12,000,000"
238,Jake LaRavia,LAL,"$6,000,000","$6,000,000",,,,,"$12,000,000"
239,Cam Thomas,BRK,"$6,837,779",,,,,,"$5,993,172"
240,Cason Wallace,OKC,"$5,820,240","$7,420,806",,,,,"$13,241,046"
,,,Salary,Salary,Salary,Salary,Salary,Salary,
241,Cody Williams,UTA,"$5,742,480","$6,015,600","$7,669,890",,,,"$11,758,080"
242,Cedric Coward,MEM,"$5,715,120","$6,001,080","$6,286,920","$8,342,743",,,"$11,716,200"
243,D'Angelo Russell,WAS,"$5,685,000","$5,969,250",,,,,"$5,685,000"
244,Al Horford,GSW,"$5,685,000","$5,969,250",,,,,"$5,685,000"
245,Tari Eason,HOU,"$5,675,766",,,,,,"$5,675,766"
246,Haywood Highsmith,BRK,"$6,443,984","$3,018,158",,,,,"$5,616,000"
247,Nicolas Batum,LAC,"$5,601,600","$5,881,680",,,,,"$5,601,600"
248,Jett Howard,ORL,"$5,529,720","$7,337,939",,,,,"$5,529,720"
249,Guerschon Yabusele,CHI,"$5,500,000",,,,,,"$5,500,000"
250,Matas Buzelis,CHI,"$5,455,560","$5,715,360","$7,584,283",,,,"$11,170,920"
251,Noa Essengue,CHI,"$5,429,520","$5,701,200","$5,972,760","$8,230,464",,,"$11,130,720"
252,Kris Dunn,LAC,"$5,426,400","$5,684,800",,,,,"$5,426,400"
253,Dario Å ariÄ,DET,"$5,426,400",,,,,,"$5,426,400"
254,Dalen Terry,NOP,"$5,399,118",,,,,,"$5,399,118"
255,Bradley Beal,LAC,"$24,737,010","$25,004,710","$19,383,010","$19,383,010","$19,383,010",,"$5,354,000"
256,Paul Reed,DET,"$5,335,894","$5,602,689",,,,,"$5,335,894"
257,Dereck Lively II,DAL,"$5,253,360","$7,239,131",,,,,"$12,492,491"
258,Nikola TopiÄ,OKC,"$5,182,920","$5,429,760","$7,482,210",,,,"$10,612,680"
259,Derik Queen,NOP,"$5,157,960","$5,416,080","$5,673,840","$8,107,918",,,"$10,574,040"
260,Kevin Porter Jr.,MIL,"$5,134,000","$5,390,700",,,,,"$5,134,000"
,,,Salary,Salary,Salary,Salary,Salary,Salary,
261,Marcus Smart,LAL,"$19,920,855","$5,390,700",,,,,"$5,134,000"
262,Andre Drummond,PHI,"$5,000,000",,,,,,"$5,000,000"
263,Moritz Wagner,ORL,"$5,000,000",,,,,,"$5,000,000"
264,Nick Richards,CHI,"$5,000,000",,,,,,
265,Gradey Dick,TOR,"$4,990,560","$7,131,511",,,,,"$12,122,071"
266,Malaki Branham,CHO,"$4,962,033",,,,,,"$4,962,033"
267,Devin Carter,SAC,"$4,923,720","$5,158,080","$7,370,897",,,,"$10,081,800"
268,Christian Braun,DEN,"$4,921,797","$21,551,726","$23,275,863","$25,000,000","$26,724,137","$28,448,274","$129,921,797"
269,Carter Bryant,SAS,"$4,900,320","$5,145,360","$5,390,640","$7,983,539",,,"$10,045,680"
270,Walker Kessler,UTA,"$4,878,938",,,,,,"$4,878,938"
271,Jordan Hawkins,NOP,"$4,741,320","$7,021,895",,,,,"$11,763,215"
272,Bub Carrington,WAS,"$4,677,600","$4,900,560","$7,257,730",,,,"$9,578,160"
273,Thomas Sorber,OKC,"$4,655,040","$4,887,720","$5,120,400","$7,849,573",,,"$9,542,760"
274,Kobe Bufkin,BRK,"$5,480,297",,,,,,"$4,503,720"
275,Jose Alvarado,NYK,"$4,500,000","$4,500,000",,,,,"$4,500,000"
276,Nikola JoviÄ,MIA,"$4,445,417","$16,200,000","$14,904,000","$15,096,000","$16,200,000",,"$66,845,417"
277,Kel'el Ware,MIA,"$4,443,360","$4,654,920","$7,135,992",,,,"$9,098,280"
278,Yang Hansen,POR,"$4,422,360","$4,643,520","$4,864,920","$7,462,788",,,"$9,065,880"
279,Peyton Watson,DEN,"$4,356,476",,,,,,"$4,356,476"
280,Miles McBride,NYK,"$4,333,333","$3,956,523",,,,,"$8,289,856"
,,,Salary,Salary,Salary,Salary,Salary,Salary,
281,Keyonte George,UTA,"$4,278,960","$6,563,925",,,,,"$10,842,885"
282,Jared McCain,OKC,"$4,221,360","$4,422,600","$6,784,268",,,,"$8,643,960"
283,Joan Beringer,MIN,"$4,201,080","$4,411,200","$4,621,200","$7,098,163",,,"$8,612,280"
284,Kevin Love,UTA,"$4,150,000",,,,,,"$4,150,000"
285,Dalton Knecht,LAL,"$4,010,160","$4,201,080","$6,452,860",,,,"$8,211,240"
286,Ryan Rollins,MIL,"$4,000,000","$4,000,000","$4,000,000",,,,"$8,000,000"
287,Dwight Powell,DAL,"$4,000,000",,,,,,"$4,000,000"
288,Walter Clayton,MEM,"$3,991,320","$4,190,520","$4,390,320","$6,752,312",,,"$8,181,840"
289,Jaime Jaquez Jr.,MIA,"$3,861,600","$5,939,141",,,,,"$9,800,741"
290,Nolan TraorÃ©,BRK,"$3,811,560","$4,002,000","$4,193,040","$6,457,282",,,"$7,813,560"
291,Daniss Jenkins,DET,"$3,809,524","$4,000,000",,,,,"$3,809,524"
292,Tristan Da Silva,ORL,"$3,809,520","$3,991,200","$6,138,466",,,,"$7,800,720"
293,Cole Anthony,MEM,"$5,996,274","$3,700,000","$3,700,000",,,,"$11,100,000"
294,Gary Trent Jr.,MIL,"$3,697,105","$3,881,960",,,,,"$3,697,105"
295,Brandin Podziemski,GSW,"$3,687,960","$5,679,459",,,,,"$9,367,419"
296,Svi Mykhailiuk,UTA,"$3,675,000","$3,850,000","$4,025,000",,,,
297,Kasparas JakuÄionis,MIA,"$3,658,800","$3,841,680","$4,024,440","$6,205,687",,,"$7,500,480"
298,Ja'Kobe Walter,TOR,"$3,638,160","$3,811,800","$5,870,172",,,,"$7,449,960"
299,Gary Harris,MIL,"$3,634,153","$3,815,861",,,,,"$3,634,153"
300,Cam Whitmore,WAS,"$3,539,760","$5,458,310",,,,,"$8,998,070"
,,,Salary,Salary,Salary,Salary,Salary,Salary,
301,Will Riley,WAS,"$3,512,520","$3,688,320","$3,864,000","$6,155,352",,,"$7,200,840"
302,Jaylon Tyson,CLE,"$3,492,480","$3,658,560","$5,641,500",,,,"$7,151,040"
303,Jaxson Hayes,LAL,"$3,449,323",,,,,,"$3,449,323"
304,Dominick Barlow,PHI,"$3,415,000","$3,415,000",,,,,"$3,415,000"
305,Noah Clowney,BRK,"$3,398,640","$5,414,034",,,,,"$8,812,674"
306,Drake Powell,BRK,"$3,372,240","$3,540,600","$3,709,320","$6,101,832",,,"$6,912,840"
307,Yves Missi,NOP,"$3,353,040","$3,512,760","$5,595,827",,,,"$6,865,800"
308,Blake Wesley,WAS,"$5,643,732",,,,,,"$3,347,458"
309,Taurean Prince,MIL,"$3,303,774","$3,815,861",,,,,"$3,303,774"
310,Dariq Whitehead,BRK,"$3,262,560",,,,,,"$3,262,560"
311,Asa Newell,ATL,"$3,237,480","$3,399,480","$3,560,880","$6,042,814",,,"$6,636,960"
312,DaRon Holmes,DEN,"$3,218,760","$3,372,120","$5,547,138",,,,"$6,590,880"
313,Kris Murray,POR,"$3,132,000","$5,315,004",,,,,"$8,447,004"
314,Nique Clifford,SAC,"$3,108,120","$3,263,400","$3,418,800","$5,979,481",,,"$6,371,520"
315,Nassir Little,PHO,"$3,107,143","$3,107,143","$3,107,143","$3,107,143",,,"$12,428,572"
316,AJ Johnson,DAL,"$3,090,480","$3,237,120","$5,493,394",,,,"$6,327,600"
317,De'Anthony Melton,GSW,"$3,080,921","$3,451,779",,,,,"$3,080,921"
318,Kyle Filipowski,UTA,"$3,000,000","$3,000,000","$3,000,000",,,,"$3,000,000"
319,Ajay Mitchell,OKC,"$3,000,000","$2,850,000","$2,850,000",,,,"$3,000,000"
320,Julian Champagnie,SAS,"$3,000,000","$3,000,000",,,,,
,,,Salary,Salary,Salary,Salary,Salary,Salary,
321,Jase Richardson,ORL,"$2,983,320","$3,132,360","$3,282,000","$5,910,882",,,"$6,115,680"
322,Kyshawn George,WAS,"$2,966,760","$3,108,000","$5,435,892",,,,"$6,074,760"
323,Tony Bradley,IND,"$3,204,816",,,,,,"$3,204,816"
324,Marcus Sasser,DET,"$2,886,720","$5,198,983",,,,,"$8,085,703"
325,Ben Saraf,BRK,"$2,884,560","$3,028,560","$3,172,920","$5,720,776",,,"$5,913,120"
326,PacÃ´me Dadiet,NYK,"$2,847,600","$2,983,680","$5,373,608",,,,"$5,831,280"
327,Danny Wolf,BRK,"$2,801,280","$2,941,440","$3,081,840","$5,559,640",,,"$5,742,720"
328,Ben Sheppard,IND,"$2,790,720","$5,031,669",,,,,"$7,822,389"
329,Hugo GonzÃ¡lez,BOS,"$2,783,880","$2,923,560","$3,062,640","$5,528,065",,,"$5,707,440"
330,Liam McNeeley,CHO,"$2,763,960","$2,902,080","$3,040,320","$5,487,778",,,"$5,666,040"
331,Dillon Jones,WAS,"$2,753,280",,,,,,"$2,753,280"
332,Yanic Konan NiederhÃ¤user,LAC,"$2,743,800","$2,880,960","$3,018,480","$5,448,356",,,"$5,624,760"
333,Nick Smith Jr.,CHO,"$2,710,680",,,,,,"$2,710,680"
334,Brice Sensabaugh,UTA,"$2,693,760","$4,862,237",,,,,"$7,555,997"
335,Julian Strawther,DEN,"$2,674,200","$4,826,931",,,,,"$7,501,131"
336,Terrence Shannon Jr.,MIN,"$2,674,080","$2,801,640","$5,054,159",,,,"$5,475,720"
337,Ryan Dunn,PHO,"$2,657,760","$2,784,240","$5,025,553",,,,"$5,442,000"
338,Kobe Brown,IND,"$2,654,880","$4,792,059",,,,,"$2,654,880"
339,Isaiah Collier,UTA,"$2,638,200","$2,763,960","$4,988,948",,,,"$5,402,160"
340,Baylor Scheierman,BOS,"$2,619,000","$2,744,040","$4,952,993",,,,"$5,363,040"
,,,Salary,Salary,Salary,Salary,Salary,Salary,
341,Xavier Tillman Sr.,CHO,"$2,546,675",,,,,,"$2,546,675"
342,Cam Spencer,MEM,"$2,537,989","$2,411,090","$2,616,754","$2,830,685",,,"$7,565,833"
343,Luka Garza,BOS,"$2,461,463","$2,801,346",,,,,"$5,262,809"
344,Sandro Mamukelashvili,TOR,"$2,461,463","$2,801,346",,,,,"$2,461,463"
345,Trendon Watford,PHI,"$2,461,463","$2,801,346",,,,,"$2,461,463"
346,Jericho Sims,MIL,"$2,461,463","$2,801,346",,,,,"$2,461,463"
347,Dru Smith,MIA,"$2,378,870","$2,584,539","$2,934,742",,,,"$2,378,870"
348,Josh Minott,BRK,"$2,378,870","$2,584,539",,,,,"$2,378,870"
349,Justin Champagnie,WAS,"$2,349,578","$2,667,944","$3,005,085",,,,"$5,017,522"
350,Jordan Goodwin,PHO,"$2,349,578",,,,,,"$2,349,578"
351,Jay Huff,IND,"$2,349,578","$2,667,944","$3,005,085",,,,"$2,349,578"
352,Keon Johnson,BRK,"$2,349,578",,,,,,"$2,349,578"
353,VÃ­t KrejÄÃ­,POR,"$2,349,578","$2,667,944","$3,005,085",,,,
354,Neemias Queta,BOS,"$2,349,578","$2,667,944",,,,,
355,A.J. Green,MIL,"$2,301,587","$10,044,644","$10,848,215","$11,651,786","$12,455,355",,"$47,301,587"
356,Vince Williams Jr.,UTA,"$2,301,587",,,,,,"$2,301,587"
357,Keon Ellis,CLE,"$2,301,587",,,,,,"$2,301,587"
358,Ryan Kalkbrenner,CHO,"$2,296,274","$2,411,090","$2,525,901","$2,735,698",,,"$4,707,364"
359,Sion James,CHO,"$2,296,274","$2,411,090","$2,525,901","$2,735,698",,,"$4,707,364"
360,DantÃ© Exum,WAS,"$2,296,274",,,,,,"$2,296,274"
,,,Salary,Salary,Salary,Salary,Salary,Salary,
361,Anthony Gill,WAS,"$2,296,274",,,,,,"$2,296,274"
362,Chris Boucher,UTA,"$2,296,274",,,,,,"$2,296,274"
363,Chris Paul,TOR,"$2,296,274",,,,,,"$2,296,274"
364,Garrett Temple,TOR,"$2,296,274",,,,,,"$2,296,274"
365,Bismack Biyombo,SAS,"$2,296,274",,,,,,"$2,296,274"
366,Lindy Waters III,SAS,"$2,296,274",,,,,,"$2,296,274"
367,Jordan McLaughlin,SAS,"$2,296,274",,,,,,"$2,296,274"
368,Russell Westbrook,SAC,"$2,296,274",,,,,,"$2,296,274"
369,Doug McDermott,SAC,"$2,296,274",,,,,,"$2,296,274"
370,Drew Eubanks,SAC,"$2,296,274",,,,,,"$2,296,274"
371,Blake Wesley,POR,"$5,643,732",,,,,,"$2,296,274"
372,Cole Anthony,PHO,"$5,996,274","$3,700,000","$3,700,000",,,,"$2,296,274"
373,Amir Coffey,PHO,"$2,296,274",,,,,,"$2,296,274"
374,Collin Gillespie,PHO,"$2,296,274",,,,,,"$2,296,274"
375,Kyle Lowry,PHI,"$2,296,274",,,,,,"$2,296,274"
376,Mason Plumlee,OKC,"$3,022,108",,,,,,"$2,296,274"
377,Landry Shamet,NYK,"$2,296,274",,,,,,"$2,296,274"
378,Jordan Clarkson,NYK,"$12,947,835",,,,,,"$2,296,274"
379,Bones Hyland,MIN,"$2,296,274",,,,,,"$2,296,274"
380,Joe Ingles,MIN,"$2,296,274",,,,,,"$2,296,274"
,,,Salary,Salary,Salary,Salary,Salary,Salary,
381,Chris Livingston,MIL,,,,,,,"$2,296,274"
382,Thanasis Antetokounmpo,MIL,"$2,296,274",,,,,,"$2,296,274"
383,Eric Gordon,MEM,"$2,296,274",,,,,,"$2,296,274"
384,Josh Okogie,HOU,"$2,296,274",,,,,,"$2,296,274"
385,Jeff Green,HOU,"$2,296,274",,,,,,"$2,296,274"
386,Aaron Holiday,HOU,"$2,296,274",,,,,,"$2,296,274"
387,Jae'Sean Tate,HOU,"$2,296,274",,,,,,"$2,296,274"
388,Gary Payton II,GSW,"$2,296,274",,,,,,"$2,296,274"
389,Javonte Green,DET,"$2,296,274",,,,,,"$2,296,274"
390,Tim Hardaway Jr.,DEN,"$2,296,274",,,,,,"$2,296,274"
391,Bruce Brown,DEN,"$2,296,274",,,,,,"$2,296,274"
392,Marvin Bagley III,DAL,"$2,296,274",,,,,,"$2,296,274"
393,Thomas Bryant,CLE,"$2,296,274",,,,,,"$2,296,274"
394,Larry Nance Jr.,CLE,"$2,296,274",,,,,,"$2,296,274"
395,Keaton Wallace,ATL,"$2,296,274",,,,,,"$2,296,274"
396,Jock Landale,ATL,"$2,296,274",,,,,,"$2,296,274"
397,Scotty Pippen Jr.,MEM,"$2,270,735","$2,461,462","$2,789,215",,,,"$2,270,735"
398,JD Davison,BOS,"$2,270,735",,,,,,"$2,270,735"
399,Brandon Williams,DAL,"$2,270,735",,,,,,
400,Moussa DiabatÃ©,CHO,"$2,270,735","$2,461,462",,,,,
,,,Salary,Salary,Salary,Salary,Salary,Salary,
401,DeAndre Jordan,NOP,"$2,269,880",,,,,,"$2,269,880"
402,Toumani Camara,POR,"$2,221,677","$18,080,358","$19,526,786","$20,973,214","$22,419,642",,"$83,221,677"
403,Rayan Rupert,POR,"$2,353,647",,,,,,"$2,221,677"
404,Julian Phillips,MIN,"$2,221,677","$2,406,205",,,,,"$2,221,677"
405,GG Jackson II,MEM,"$2,221,677","$2,406,205",,,,,"$2,221,677"
406,Gui Santos,GSW,"$2,221,677",,,,,,"$2,221,677"
407,Jalen Pickett,DEN,"$2,221,677","$2,406,205",,,,,"$2,221,677"
408,Hunter Tyson,BRK,"$2,221,677",,,,,,"$2,221,677"
409,Jalen Wilson,BRK,"$2,221,677",,,,,,"$2,221,677"
410,Jordan Walsh,BOS,"$2,221,677","$2,406,205",,,,,"$200,000"
411,Trayce Jackson-Davis,TOR,"$2,221,677","$2,406,205",,,,,
412,Andre Jackson Jr.,MIL,"$2,221,677","$2,406,205",,,,,
413,Craig Porter Jr.,CLE,"$2,221,677","$2,406,205",,,,,
414,Leonard Miller,CHI,"$2,221,677","$2,406,205",,,,,
415,Duop Reath,ATL,"$2,221,677",,,,,,
416,Mouhamed Gueye,ATL,"$2,221,677","$2,406,205",,,,,
417,JaVale McGee,DAL,"$2,208,856","$2,208,856","$2,208,856",,,,"$6,626,568"
418,Tyler Kolek,NYK,"$2,191,897","$2,296,271","$2,486,995",,,,"$4,488,168"
419,Jaylen Clark,MIN,"$2,191,897",,,,,,"$2,191,897"
420,Tyrese Martin,BRK,"$2,191,897",,,,,,"$2,191,897"
,,,Salary,Salary,Salary,Salary,Salary,Salary,
421,Precious Achiuwa,SAC,"$2,111,516",,,,,,"$2,111,516"
422,Justin Edwards,PHI,"$2,048,494","$2,411,090","$2,616,754",,,,"$4,459,584"
423,Nigel Hayes-Davis,MIL,"$2,048,494",,,,,,"$2,048,494"
424,N'Faly Dante,ATL,"$2,048,494",,,,,,
425,Johnny Furphy,IND,"$1,955,377","$2,296,271","$2,486,995",,,,"$4,251,648"
426,Jonathan Mogbo,TOR,"$1,955,377","$2,296,271",,,,,"$1,955,377"
427,Jamal Shead,TOR,"$1,955,377","$2,296,271",,,,,"$1,955,377"
428,Oso Ighodaro,PHO,"$1,955,377","$2,296,271","$2,486,995",,,,"$1,955,377"
429,Ariel Hukporti,NYK,"$1,955,377",,,,,,"$1,955,377"
430,Karlo MatkoviÄ,NOP,"$1,955,377","$2,296,271",,,,,"$1,955,377"
431,Tyler Smith,MIL,"$1,955,377",,,,,,"$1,955,377"
432,Keshad Johnson,MIA,"$1,955,377",,,,,,"$1,955,377"
433,Jaylen Wells,MEM,"$1,955,377","$2,296,271","$2,486,995",,,,"$1,955,377"
434,Bronny James,LAL,"$1,955,377","$2,296,271","$2,486,995",,,,"$1,955,377"
435,Cam Christie,LAC,"$1,955,377","$2,296,271","$2,486,995",,,,"$1,955,377"
436,Quinten Post,GSW,"$1,955,377",,,,,,"$1,955,377"
437,Bobi Klintman,DET,"$1,955,377",,,,,,"$1,955,377"
438,Isaac Jones,DET,"$1,955,377",,,,,,"$1,955,377"
439,Drew Timme,BRK,"$1,955,377",,,,,,"$1,955,377"
440,Jamison Battle,TOR,"$1,955,377","$2,296,271",,,,,
,,,Salary,Salary,Salary,Salary,Salary,Salary,
441,Adem Bona,PHI,"$1,955,377","$2,296,271","$2,486,995",,,,
442,Pelle Larsson,MIA,"$1,955,377","$2,296,271",,,,,
443,Seth Curry,GSW,"$1,755,198",,,,,,"$1,755,198"
444,Micah Potter,IND,"$1,527,805","$2,801,346",,,,,"$1,527,805"
445,Chaz Lanier,DET,"$1,372,870","$2,150,917","$2,525,901","$2,735,698",,,"$3,523,787"
446,Pat Connaughton,CHO,"$10,739,683","$3,815,861",,,,,"$10,739,683"
447,Rasheer Fleming,PHO,"$1,272,870","$2,150,917","$2,525,901","$2,735,698",,,"$5,949,688"
448,Maxime Raynaud,SAC,"$1,272,870","$2,150,917","$2,525,901",,,,"$3,423,787"
449,Johni Broome,PHI,"$1,272,870","$2,150,917","$2,525,901","$2,735,698",,,"$3,423,787"
450,Noah Penda,ORL,"$1,272,870","$2,150,917","$2,525,901","$2,735,698",,,"$3,423,787"
451,Micah Peavy,NOP,"$1,272,870","$2,150,917","$2,525,901","$2,735,698",,,"$3,423,787"
452,Adou Thiero,LAL,"$1,272,870","$2,150,917","$2,525,901",,,,"$3,423,787"
453,Will Richard,GSW,"$1,272,870","$2,150,917","$2,525,901","$2,735,698",,,"$3,423,787"
454,Tyrese Proctor,CLE,"$1,272,870","$2,150,917","$2,525,901","$2,735,698",,,"$3,423,787"
455,Mohamed Diawara,NYK,"$1,272,870",,,,,,"$1,272,870"
456,Kam Jones,IND,"$1,272,870","$2,150,917","$2,525,901","$2,735,698",,,"$1,272,870"
457,Nikola Djurisic,ATL,"$1,272,870",,,,,,"$1,272,870"
458,Olivier-Maxence Prosper,DAL,"$1,002,360","$1,002,360","$1,002,360",,,,"$3,007,080"
459,James Wiseman,IND,"$1,131,970",,,,,,"$1,131,970"
460,Jevon Carter,ORL,"$7,680,524",,,,,,"$871,000"
,,,Salary,Salary,Salary,Salary,Salary,Salary,
461,Pat Spencer,GSW,"$857,804",,,,,,"$857,804"
462,Kobe Bufkin,LAL,"$5,480,297",,,,,,"$976,577"
463,Cam Thomas,MIL,"$6,837,779",,,,,,"$844,607"
464,Haywood Highsmith,PHO,"$6,443,984","$3,018,158",,,,,"$1,827,984"
465,Jeremy Sochan,NYK,"$7,874,853",,,,,,"$778,622"
466,Mike Conley,MIN,"$11,499,872",,,,,,"$725,834"
467,Bryce McGowens,NOP,"$724,598","$2,584,539","$2,934,742",,,,"$3,309,137"
468,Jabari Walker,PHI,"$724,598","$2,584,539",,,,,"$724,598"
469,Nae'Qwan Tomlin,CLE,"$718,150","$2,411,090",,,,,"$3,129,240"
470,Jordan Miller,LAC,"$712,637","$2,497,812",,,,,"$3,210,449"
471,Cameron Payne,PHI,"$712,637",,,,,,"$712,637"
472,E.J. Liddell,PHO,"$706,898","$706,898",,,,,"$1,413,796"
473,Caleb Houstan,ATL,"$699,440",,,,,,"$699,440"
474,Sidy Cissoko,POR,"$686,243","$2,497,812",,,,,"$686,243"
475,Vasilije MiciÄ,MIL,"$666,667","$666,667","$666,667",,,,"$2,000,001"
476,Spencer Jones,DEN,"$623,967",,,,,,"$623,967"
477,Mason Plumlee,SAS,"$3,022,108",,,,,,"$725,834"
478,Amari Williams,BOS,"$490,128","$2,150,917",,,,,"$2,641,045"
479,Kobe Sanders,LAC,"$475,497","$2,150,917",,,,,"$475,497"
480,Mamadi Diakite,MEM,"$464,050","$464,050",,,,,"$928,100"
,,,Salary,Salary,Salary,Salary,Salary,Salary,
481,Ricky Rubio,CLE,"$424,672","$424,672",,,,,"$849,344"
482,Myron Gardner,MIA,"$395,029","$2,150,917","$2,525,901",,,,"$395,029"
483,Jeremiah Robinson-Earl,IND,"$131,970",,,,,,"$589,305"
484,Monte Morris,IND,"$321,184",,,,,,"$321,184"
485,Garrison Mathews,IND,"$429,325",,,,,,"$561,295"
486,Didi Louzada,POR,"$268,032","$268,032","$268,032","$268,032",,,"$1,072,128"
487,Mo Bamba,TOR,"$458,711",,,,,,"$194,771"
488,Mac McClung,IND,"$164,060",,,,,,"$164,060"
489,Tony Bradley,IND,"$3,204,816",,,,,,"$3,204,816"
490,Tony Bradley,IND,"$3,204,816",,,,,,"$3,204,816"
491,James Wiseman,IND,"$1,131,970",,,,,,"$1,131,970"
492,Kobe Bufkin,LAL,"$5,480,297",,,,,,"$976,577"
493,Mason Plumlee,SAS,"$3,022,108",,,,,,"$725,834"
494,Jeremiah Robinson-Earl,IND,"$131,970",,,,,,"$589,305"
495,Jeremiah Robinson-Earl,IND,"$131,970",,,,,,"$589,305"
496,Garrison Mathews,IND,"$429,325",,,,,,"$561,295"
497,Garrison Mathews,IND,"$429,325",,,,,,"$561,295"
498,Mo Bamba,UTA,"$458,711",,,,,,"$263,940"
499,Mo Bamba,UTA,"$458,711",,,,,,"$263,940"
500,Killian Hayes,SAC,"$263,940",,,,,,"$263,940"
,,,Salary,Salary,Salary,Salary,Salary,Salary,
501,Killian Hayes,SAC,"$263,940",,,,,,"$263,940"
502,Charles Bassey,PHI,"$263,940",,,,,,"$263,940"
503,Charles Bassey,PHI,"$263,940",,,,,,"$263,940"
504,Christian Koloko,MEM,"$263,940",,,,,,"$263,940"
505,Christian Koloko,MEM,"$263,940",,,,,,"$263,940"
506,Alondes Williams,WAS,"$131,970",,,,,,"$131,970"
507,Skal LabissiÃ¨re,WAS,"$131,970",,,,,,"$131,970"
508,Patrick Baldwin Jr.,PHI,"$263,940",,,,,,"$131,970"
509,Kobe Bufkin,MEM,"$5,480,297",,,,,,"$131,970"
510,Rayan Rupert,MEM,"$2,353,647",,,,,,"$131,970"
511,Charles Bassey,MEM,"$263,940",,,,,,"$131,970"
512,Dalano Banton,LAC,"$263,940",,,,,,"$131,970"
513,Patrick Baldwin Jr.,LAC,"$263,940",,,,,,"$131,970"
514,Jeremiah Robinson-Earl,DAL,"$131,970",,,,,,"$131,970"
515,Dalano Banton,BOS,"$263,940",,,,,,"$131,970"
516,Tre Scott,BRK,"$129,503",,,,,,"$174,503"
517,Lawson Lovering,MEM,"$87,784",,,,,,"$87,784"
518,Adama-Alpha Bal,MEM,"$117,045",,,,,,"$117,045"
519,Malachi Smith,BRK,"$73,153",,,,,,"$115,803"
520,Kadary Richmond,WAS,"$73,153",,,,,,"$73,153"
,,,Salary,Salary,Salary,Salary,Salary,Salary,
521,Keshon Gilbert,WAS,"$73,153",,,,,,"$73,153"
522,Gabe McGlothan,IND,"$73,153",,,,,,"$73,153"
523,Grant Nelson,BRK,"$73,153",,,,,,"$73,153"
524,John Tonje,BOS,"$73,153",,,,,,"$73,153"
525,Jaden Springer,NOP,"$70,732",,,,,,"$70,732"
526,Tre Scott,BRK,"$129,503",,,,,,"$174,503"
527,Adama-Alpha Bal,MEM,"$117,045",,,,,,"$117,045"
528,Malachi Smith,BRK,"$73,153",,,,,,"$115,803"
529,Lucas Williamson,MEM,"$21,946",,,,,,"$21,946"
530,Tre Scott,BRK,"$129,503",,,,,,"$174,503"
